0.002,0.000007777172692,28.610000000000003,-80.6
0.004,0.000085815583342,28.610000000000003,-80.6
0.006,0.000343533443176,28.610000000000003,-80.6
0.008,0.000863905393145,28.610000000000003,-80.6
0.01,0.001677011153302,28.610000000000003,-80.6
0.012,0.002786479024323,28.610000000000003,-80.6
0.014,0.004195673919116,28.610000000000003,-80.6
0.016,0.005906115980807,28.610000000000003,-80.6
0.018,0.007917480152025,28.610000000000003,-80.6
0.02,0.010229177130508,28.610000000000003,-80.6
0.022,0.012840616913711,28.610000000000003,-80.6
0.024,0.01575120880492,28.610000000000003,-80.6
0.026,0.018960361428972,28.610000000000003,-80.6
0.028,0.022467482754471,28.610000000000003,-80.6
0.03,0.026271980120023,28.610000000000003,-80.6
0.032,0.030373333243286,28.610000000000003,-80.6
0.034,0.034771532107602,28.610000000000003,-80.6
0.036,0.039467077081711,28.610000000000003,-80.6
0.038,0.04446054116368,28.610000000000003,-80.6
0.04,0.049752120106919,28.610000000000003,-80.6
0.042,0.055341255275012,28.610000000000003,-80.6
0.044,0.061227010640108,28.610000000000003,-80.6
0.046,0.067408449704901,28.610000000000003,-80.6
0.048,0.073884635524136,28.610000000000003,-80.6
0.05,0.080654630724287,28.610000000000003,-80.6
0.052,0.087717497526241,28.610000000000003,-80.6
0.054,0.095072297772227,28.610000000000003,-80.6
0.056,0.102718092919677,28.610000000000003,-80.6
0.058,0.110653944047716,28.610000000000003,-80.6
0.06,0.118878911868096,28.610000000000003,-80.6
0.062,0.127392056735201,28.610000000000003,-80.6
0.064,0.136192438655203,28.610000000000003,-80.6
0.066,0.145279117294478,28.610000000000003,-80.6
0.068,0.154651179046165,28.610000000000003,-80.6
0.07,0.164307898942315,28.610000000000003,-80.6
0.072,0.174248740691228,28.610000000000003,-80.6
0.074,0.184473194803885,28.610000000000003,-80.6
0.076,0.194980751538505,28.610000000000003,-80.6
0.078,0.205770900905044,28.610000000000003,-80.6
0.08,0.216843132669358,28.610000000000003,-80.6
0.082,0.228196936357092,28.610000000000003,-80.6
0.084,0.239831801257299,28.610000000000003,-80.6
0.086,0.251747216425825,28.610000000000003,-80.6
0.088,0.263942670688479,28.610000000000003,-80.6
0.09,0.276417652644012,28.610000000000003,-80.6
0.092,0.289171650666919,28.610000000000003,-80.6
0.094,0.302204152922202,28.610000000000003,-80.6
0.096,0.315514647423741,28.610000000000003,-80.6
0.098,0.329102622061289,28.610000000000003,-80.6
0.1,0.342967564593928,28.610000000000003,-80.6
0.102,0.35710896260464,28.610000000000003,-80.6
0.104,0.371526324763255,28.610000000000003,-80.6
0.106,0.386219308989659,28.610000000000003,-80.6
0.108,0.401187722507379,28.610000000000003,-80.6
0.11,0.416431393787257,28.610000000000003,-80.6
0.112,0.431950151146878,28.610000000000003,-80.6
0.114,0.447743822747985,28.610000000000003,-80.6
0.116,0.463812236594127,28.610000000000003,-80.6
0.118,0.480155220528502,28.610000000000003,-80.6
0.12,0.496772602231991,28.610000000000003,-80.6
0.122,0.513664209221366,28.610000000000003,-80.6
0.124,0.530829868847649,28.610000000000003,-80.6
0.126,0.548269408294616,28.610000000000003,-80.6
0.128,0.56598265457743,28.610000000000003,-80.6
0.13,0.583969434541399,28.610000000000003,-80.6
0.132,0.60222957486084,28.610000000000003,-80.6
0.134,0.620762902038047,28.610000000000003,-80.6
0.136,0.639569242402354,28.610000000000003,-80.6
0.138,0.658648422109282,28.610000000000003,-80.6
0.14,0.67800026713977,28.610000000000003,-80.6
0.142,0.697624603299474,28.610000000000003,-80.6
0.144,0.717521256218139,28.610000000000003,-80.6
0.146,0.737690051349036,28.610000000000003,-80.6
0.148,0.758130813968451,28.610000000000003,-80.6
0.15,0.778843369175237,28.610000000000003,-80.6
0.152,0.799827542125678,28.610000000000003,-80.6
0.154,0.821083158754745,28.610000000000003,-80.6
0.156,0.842610045096697,28.610000000000003,-80.6
0.158,0.864408027051496,28.610000000000003,-80.6
0.16,0.886476930382571,28.610000000000003,-80.6
0.162,0.908816580714724,28.610000000000003,-80.6
0.164,0.931426803532166,28.610000000000003,-80.6
0.166,0.954307424176679,28.610000000000003,-80.6
0.168,0.977458267845891,28.610000000000003,-80.6
0.17,1.000879159591659,28.610000000000003,-80.6
0.173,1.036516443100867,28.610000000000003,-80.60000000005302
0.1775,1.091109564602607,28.610000000000003,-80.60000000033209
0.18425,1.175554152481602,28.610000000000003,-80.60000000120256
0.19425,1.306285889098538,28.610000000000003,-80.60000000349652
0.20425,1.443732850025318,28.61,-80.60000000699792
0.21425,1.587889153938544,28.609999999999996,-80.6000000117138
0.22425,1.73874878754065,28.60999999999999,-80.60000001764908
0.23425,1.896305629583837,28.609999999999975,-80.6000000248031
0.24425,2.06055345019335,28.609999999999967,-80.60000003316922
0.25425,2.231485909623955,28.60999999999995,-80.60000004273451
0.26425,2.409096499334253,28.60999999999994,-80.60000005349299
0.27425,2.593380688904483,28.609999999999918,-80.60000006544838
0.28425,2.784365385159441,28.6099999999999,-80.6000000785983
0.29425,2.982116098129791,28.609999999999882,-80.60000009293283
0.30425,3.186707183240424,28.609999999999868,-80.60000010843449
0.31425,3.398183938071252,28.609999999999854,-80.60000012507787
0.32425,3.616544997052096,28.609999999999854,-80.60000014282983
0.33425,3.841770906176634,28.609999999999864,-80.60000016164949
0.34425,4.073842089308988,28.609999999999896,-80.6000001814872
0.35425,4.312738847322423,28.609999999999953,-80.60000020228425
0.36425,4.558441377878604,28.610000000000042,-80.60000022396467
0.37425,4.810930948913287,28.610000000000166,-80.60000024643344
0.38425,5.070192988137281,28.610000000000333,-80.60000026958423
0.39425,5.336216077038623,28.61000000000054,-80.60000029329979
0.40425,5.608988822735401,28.6100000000008,-80.60000031745197
0.41425,5.888499651011247,28.610000000001122,-80.60000034192305
0.42425,6.17473680731362,28.61000000000152,-80.60000036660959
0.43425,6.467695681330782,28.61000000000201,-80.60000039139774
0.44425,6.767406209480735,28.61000000000261,-80.60000041615646
0.45425,7.073928198020614,28.61000000000333,-80.60000044073666
0.46425,7.387226765308207,28.61000000000418,-80.6000004649561
0.47425,7.707151491815411,28.610000000005165,-80.60000048860029
0.48425,8.033635860470403,28.61000000000631,-80.60000051142333
0.49425,8.36671543164183,28.610000000007624,-80.60000053314323
0.50425,8.706425508077855,28.61000000000912,-80.60000055346619
0.51425,9.05279881292747,28.610000000010842,-80.60000057212947
0.52425,9.405845902829443,28.610000000012818,-80.60000058891606
0.53425,9.765553143997066,28.61000000001506,-80.60000060361132
0.544250000000001,10.131902335692438,28.6100000000176,-80.60000061599517
0.554250000000001,10.504875068195657,28.610000000020452,-80.60000062584125
0.564250000000001,10.884452687757161,28.610000000023646,-80.6000006329073
0.574250000000001,11.27061628096297,28.610000000027185,-80.6000006369342
0.584250000000001,11.663346703064445,28.610000000031086,-80.60000063765784
0.594250000000001,12.062624580665416,28.610000000035367,-80.60000063481056
0.604250000000001,12.468463663873731,28.61000000004004,-80.60000062810478
0.614250000000001,12.8809142686341,28.61000000004512,-80.60000061722505
0.624250000000001,13.299918450222734,28.610000000050622,-80.60000060190674
0.634250000000001,13.725420609515005,28.61000000005657,-80.60000058188326
0.644250000000001,14.15746651153292,28.61000000006297,-80.60000055683048
0.654250000000001,14.595974895221959,28.610000000069828,-80.60000052650413
0.664250000000001,15.040830283823253,28.610000000077125,-80.60000049068833
0.674250000000001,15.49199933568713,28.610000000084835,-80.60000044912357
0.684250000000001,15.949450510225443,28.610000000092942,-80.60000040155744
0.694250000000001,16.413152161037015,28.610000000101415,-80.60000034774747
0.704250000000001,16.883071866601497,28.610000000110215,-80.60000028746323
0.714250000000001,17.359175032546467,28.61000000011932,-80.60000022047858
0.724250000000001,17.84142558572118,28.610000000128696,-80.600000146571
0.734250000000001,18.329787412677742,28.6100000001383,-80.60000006553409
0.744250000000001,18.82422442578481,28.61000000014808,-80.59999997717989
0.754250000000001,19.32470059368018,28.610000000157957,-80.59999988134061
0.764250000000001,19.831179945373243,28.610000000167854,-80.59999977786731
0.774250000000001,20.343626593445574,28.610000000177696,-80.59999966663096
0.784250000000001,20.862004787987985,28.610000000187398,-80.5999995475271
0.794250000000001,21.38627894233676,28.610000000196877,-80.59999942047727
0.804250000000001,21.916413653752826,28.610000000206036,-80.59999928543023
0.814250000000001,22.452373849181537,28.610000000214775,-80.59999914237714
0.824250000000001,22.994124815754958,28.610000000222982,-80.59999899135461
0.834250000000001,23.541632059895928,28.610000000230528,-80.59999883242864
0.844250000000001,24.09486129662135,28.610000000237317,-80.59999866569382
0.854250000000001,24.653776888225483,28.610000000243257,-80.59999849127398
0.864250000000001,25.21833868752672,28.610000000248217,-80.59999830930502
0.874250000000001,25.788503521945376,28.61000000025207,-80.59999811992975
0.884250000000001,26.364228318496288,28.6100000002547,-80.59999792331578
0.894250000000001,26.945470163169286,28.610000000255987,-80.59999771965558
0.904250000000001,27.53218627843535,28.610000000255816,-80.59999750916488
0.914250000000001,28.124333973408778,28.610000000254107,-80.59999729207823
0.924250000000001,28.72187061341226,28.610000000250768,-80.59999706864636
0.934250000000001,29.32475361837854,28.610000000245734,-80.59999683913759
0.944250000000001,29.932940434055283,28.610000000238944,-80.59999660383552
0.954250000000001,30.546388501688835,28.610000000230322,-80.5999963630365
0.964250000000001,31.16505526359978,28.610000000219827,-80.59999611709603
0.974250000000001,31.7888956421425,28.61000000020744,-80.59999586643393
0.984250000000001,32.41786135730091,28.610000000193164,-80.59999561147488
0.994250000000001,33.051903404279734,28.610000000177017,-80.59999535264085
1.004250000000001,33.69097258520853,28.610000000159076,-80.59999509034692
1.014250000000001,34.33501915384889,28.61000000013943,-80.59999482493319
1.024250000000001,34.983992786846,28.610000000118188,-80.59999455665061
1.034250000000001,35.637842985098544,28.610000000095486,-80.59999428572814
1.044250000000001,36.29651909490433,28.610000000071466,-80.59999401237405
1.054250000000001,36.959970311751626,28.610000000046277,-80.59999373677398
1.064250000000001,37.62814574193834,28.610000000020104,-80.59999345910134
1.074250000000001,38.300993670222766,28.609999999993143,-80.59999317951807
1.084250000000001,38.978451300031395,28.609999999965584,-80.59999289816565
1.094250000000001,39.66044227905079,28.609999999937656,-80.59999261516468
1.104250000000001,40.346886946410095,28.609999999909597,-80.59999233060795
1.114250000000001,41.037705754373945,28.60999999988166,-80.59999204460176
1.124250000000001,41.73281929795397,28.60999999985415,-80.59999175727191
1.134250000000001,42.432148098875885,28.609999999827377,-80.59999146871374
1.144250000000001,43.13561259808254,28.60999999980164,-80.59999117898917
1.154250000000001,43.843133158834746,28.609999999777237,-80.59999088812661
1.164250000000001,44.55462989010039,28.609999999754464,-80.59999059608178
1.174250000000001,45.270022618468765,28.609999999733574,-80.59999030273403
1.184250000000001,45.98923108987955,28.60999999971477,-80.59999000793403
1.194250000000001,46.71217498658772,28.609999999698292,-80.59998971150966
1.204250000000001,47.43877393672762,28.609999999684298,-80.59998941327008
1.214250000000001,48.16894447375362,28.609999999672898,-80.59998911304855
1.224250000000001,48.90259139863791,28.60999999966408,-80.59998881071691
1.234250000000001,49.63961042844671,28.60999999965782,-80.59998850614555
1.244250000000001,50.379896882772876,28.609999999654036,-80.59998819919933
1.254250000000001,51.123346168566584,28.60999999965264,-80.59998788974063
1.264250000000001,51.869853983774526,28.609999999653557,-80.59998757766341
1.274250000000001,52.61931637162269,28.60999999965679,-80.59998726289993
1.284250000000001,53.37162953797156,28.60999999966236,-80.5999869453879
1.294250000000001,54.126689857346456,28.609999999670226,-80.59998662507058
1.304250000000001,54.88436943084316,28.609999999680362,-80.59998630191619
1.314250000000001,55.644469355445025,28.60999999969271,-80.59998597588654
1.324250000000001,56.406743238823914,28.609999999707227,-80.5999856469152
1.334250000000001,57.170944123436705,28.60999999972379,-80.59998531495398
1.344250000000001,57.93682565710165,28.609999999742197,-80.5999849799798
1.354250000000001,58.70413289822841,28.60999999976218,-80.59998464200451
1.364250000000001,59.472526330251455,28.60999999978341,-80.59998430115537
1.374250000000001,60.24157448181054,28.609999999805595,-80.599983957686
1.384250000000001,61.01083273822583,28.609999999828347,-80.59998361189464
1.394250000000001,61.779929225458254,28.609999999851365,-80.59998326405433
1.404250000000001,62.54859273051941,28.609999999874287,-80.59998291438818
1.414250000000001,63.31658352158913,28.609999999896743,-80.59998256311715
1.424250000000001,64.08367369888393,28.609999999918287,-80.59998221047249
1.434250000000001,64.84968904515736,28.609999999938502,-80.59998185666483
1.444250000000001,65.61450173946353,28.60999999995692,-80.59998150188748
1.454250000000001,66.37798838422117,28.609999999973134,-80.59998114634683
1.464250000000001,67.14003145582348,28.60999999998681,-80.59998079023907
1.474250000000001,67.9005342436681,28.60999999999768,-80.59998043373355
1.484250000000001,68.65941610831027,28.61000000000553,-80.59998007699598
1.494250000000001,69.41659744474725,28.610000000010217,-80.59997972019893
1.5,69.85117852616325,28.61000000001146,-80.59997951508048
1.508624999999998,70.50192481163268,28.61000000001134,-80.59997920754773
1.518624999999998,71.25471783653998,28.610000000008263,-80.59997885133473
1.528624999999998,72.00569542168788,28.610000000002138,-80.59997849565035
1.538624999999998,72.75486287902696,28.609999999993143,-80.59997814065382
1.548624999999998,73.5022254222734,28.60999999998152,-80.59997778649749
1.558624999999998,74.24778815862255,28.60999999996758,-80.59997743332524
1.568624999999998,74.99155609147957,28.60999999995171,-80.59997708127236
1.578624999999998,75.73353410321045,28.60999999993439,-80.5999767304621
1.588624999999998,76.47372694389041,28.609999999916027,-80.59997638100295
1.598624999999998,77.21213922975178,28.609999999897035,-80.59997603298743
1.608624999999998,77.94877546032798,28.60999999987781,-80.59997568649402
1.618624999999998,78.68364008760226,28.60999999985878,-80.59997534159825
1.628624999999998,79.41673746336697,28.609999999840326,-80.59997499836315
1.638624999999998,80.14807180480105,28.609999999822822,-80.59997465683256
1.648624999999998,80.87764719874836,28.609999999806615,-80.59997431703127
1.658624999999998,81.6054675358682,28.609999999792056,-80.59997397895322
1.668624999999998,82.33153623197047,28.60999999977948,-80.59997364251291
1.678624999999998,83.05585645416504,28.60999999976919,-80.59997330758598
1.688624999999998,83.77843128124401,28.609999999761477,-80.59997297403812
1.698624999999998,84.49926371411479,28.609999999756596,-80.59997264172753
1.708624999999998,85.21835672337038,28.60999999975476,-80.59997231051337
1.718624999999998,85.93571341054782,28.609999999756138,-80.5999719802821
1.728624999999998,86.65133690798106,28.609999999760817,-80.59997165093064
1.738624999999998,87.3652303109883,28.609999999768775,-80.59997132235512
1.748624999999998,88.07739668759628,28.609999999779934,-80.59997099445248
1.758624999999998,88.78783903809433,28.60999999979414,-80.59997066711419
1.768624999999998,89.49656009380217,28.609999999811212,-80.59997034019598
1.778624999999998,90.2035624848765,28.609999999830965,-80.59997001354401
1.788624999999998,90.90884886825512,28.60999999985314,-80.59996968701375
1.798624999999998,91.61242194555324,28.609999999877488,-80.59996936047179
1.808624999999998,92.31428459052275,28.609999999903657,-80.59996903381287
1.818624999999998,93.01444031550167,28.609999999931325,-80.5999687070245
1.828624999999998,93.71289293084587,28.609999999960092,-80.59996838013758
1.838624999999998,94.40964629967752,28.609999999989594,-80.59996805319142
1.848624999999998,95.10470433017016,28.61000000001946,-80.599967726233
1.858624999999998,95.79807088051034,28.610000000049354,-80.5999673993036
1.868624999999998,96.48974939893948,28.610000000078934,-80.59996707238835
1.878624999999998,97.17974319674228,28.61000000010789,-80.5999667454546
1.888624999999998,97.86805563875765,28.610000000135933,-80.59996641847863
1.898624999999999,98.55469014334248,28.6100000001628,-80.59996609144552
1.908624999999999,99.23965026999942,28.61000000018825,-80.59996576436139
1.918624999999999,99.92294007117762,28.61000000021212,-80.5999654373029
1.928624999999999,100.60456379694621,28.610000000234287,-80.59996511037704
1.938624999999999,101.28452568775874,28.610000000254644,-80.59996478369261
1.948624999999999,101.9628299605724,28.610000000273136,-80.59996445735858
1.958624999999999,102.63948082458165,28.61000000028973,-80.59996413148666
1.968624999999999,103.3144825828122,28.610000000304407,-80.59996380620663
1.978624999999999,103.98783953215337,28.61000000031717,-80.5999634816521
1.988624999999999,104.65955589337177,28.61000000032809,-80.59996315795017
1.998624999999999,105.32963580312627,28.610000000337255,-80.59996283521984
2.008624999999999,105.99808318462979,28.610000000344794,-80.59996251355169
2.018624999999998,106.66490124536624,28.610000000350876,-80.59996219292904
2.028624999999998,107.33009287301229,28.610000000355697,-80.5999618732886
2.038624999999998,107.99366091025797,28.61000000035946,-80.59996155456292
2.048624999999998,108.65560816094859,28.610000000362408,-80.59996123668134
2.058624999999998,109.31593750289507,28.61000000036475,-80.5999609195873
2.068624999999997,109.97465232676457,28.61000000036669,-80.59996060330474
2.078624999999997,110.63175620006447,28.610000000368426,-80.59996028788713
2.088624999999997,111.2872526327214,28.61000000037012,-80.59995997338186
2.098624999999997,111.94114507512901,28.610000000371976,-80.59995965982984
2.108624999999996,112.59343687197867,28.61000000037419,-80.59995934725835
2.118624999999996,113.24413107866042,28.610000000376914,-80.59995903565304
2.128624999999996,113.89323060416612,28.610000000380293,-80.59995872497987
2.138624999999996,114.54073831214693,28.610000000384495,-80.59995841520066
2.148624999999996,115.18665702460547,28.61000000038967,-80.59995810627377
2.158624999999995,115.83098958155972,28.61000000039599,-80.59995779816296
2.168624999999995,116.47373907300535,28.610000000403602,-80.59995749087146
2.178624999999995,117.1149086662597,28.61000000041266,-80.59995718441616
2.188624999999995,117.75450148464063,28.610000000423295,-80.59995687880962
2.198624999999995,118.39252060746503,28.610000000435626,-80.59995657406026
2.208624999999994,119.02896893703122,28.61000000044976,-80.59995627015303
2.218624999999994,119.66384865207516,28.610000000465735,-80.59995596697226
2.228624999999994,120.29716162374613,28.61000000048358,-80.59995566436332
2.238624999999994,120.92890971459904,28.61000000050329,-80.59995536217588
2.248624999999993,121.55909478893231,28.610000000524863,-80.59995506026497
2.258624999999993,122.18771875421699,28.61000000054825,-80.59995475849595
2.268624999999993,122.81478369219867,28.610000000573386,-80.59995445676088
2.278624999999993,123.4402917872197,28.61000000060017,-80.59995415496809
2.288624999999993,124.064245276423,28.610000000628474,-80.59995385303486
2.298624999999992,124.68664645862309,28.61000000065815,-80.59995355088813
2.308624999999992,125.3074977078236,28.610000000689055,-80.59995324846562
2.318624999999992,125.92680150393258,28.61000000072103,-80.59995294571925
2.328624999999992,126.54456041836733,28.610000000753914,-80.59995264261298
2.338624999999992,127.16077710324585,28.61000000078752,-80.59995233912109
2.348624999999991,127.77545429134588,28.610000000821653,-80.59995203522809
2.358624999999991,128.38859490070027,28.610000000856108,-80.59995173094161
2.368624999999991,129.00020245757898,28.610000000890683,-80.59995142634503
2.378624999999991,129.61028074453628,28.61000000092517,-80.59995112155508
2.388624999999991,130.218833552964,28.61000000095933,-80.59995081669194
2.39862499999999,130.82586466745158,28.610000000992976,-80.59995051187771
2.40862499999999,131.4313778413332,28.610000001025917,-80.59995020723366
2.41862499999999,132.03537674419695,28.610000001058015,-80.59994990287363
2.42862499999999,132.6378649837811,28.610000001089194,-80.59994959890692
2.438624999999989,133.2388461195148,28.610000001119325,-80.59994929543996
2.448624999999989,133.83832365732212,28.610000001148336,-80.59994899257572
2.458624999999989,134.43630095336883,28.61000000117618,-80.59994869040018
2.468624999999989,135.03278084260498,28.610000001202813,-80.59994838892999
2.478624999999989,135.6277659296677,28.61000000122819,-80.59994808815189
2.488624999999988,136.2212587888829,28.61000000125228,-80.59994778805017
2.498624999999988,136.81326196600995,28.610000001275058,-80.59994748860694
2.508624999999988,137.4037780131461,28.610000001296534,-80.59994718980694
2.518624999999988,137.99280962407158,28.61000000131674,-80.59994689165656
2.528624999999988,138.58035953014357,28.61000000133576,-80.59994659416945
2.538624999999987,139.16643042843296,28.61000000135364,-80.5999462973563
2.548624999999987,139.7510249819349,28.61000000137046,-80.59994600122488
2.558624999999987,140.33414580457014,28.610000001386286,-80.59994570577797
2.568624999999987,140.91579539954193,28.610000001401225,-80.59994541100431
2.578624999999986,141.49597620884168,28.6100000014154,-80.59994511688583
2.588624999999986,142.07469064837449,28.610000001428926,-80.59994482340244
2.598624999999986,142.65194110980434,28.610000001441954,-80.59994453053235
2.608624999999986,143.22772995860532,28.610000001454615,-80.59994423825184
2.618624999999986,143.80205951979175,28.610000001467064,-80.59994394653312
2.628624999999985,144.37493209233162,28.610000001479403,-80.5999436553465
2.638624999999985,144.94634995984967,28.610000001491763,-80.59994336466175
2.648624999999985,145.5163153927563,28.610000001504254,-80.59994307444857
2.658624999999985,146.08483067021893,28.61000000151697,-80.5999427846794
2.668624999999985,146.65189816269017,28.610000001530018,-80.5999424953411
2.678624999999984,147.21752027117856,28.61000000154347,-80.59994220642628
2.688624999999984,147.78169938479695,28.61000000155744,-80.59994191792748
2.698624999999984,148.3444378810558,28.61000000157201,-80.59994162983712
2.708624999999984,148.9057381992137,28.610000001587252,-80.59994134215773
2.718624999999983,149.46560313621734,28.61000000160324,-80.59994105494312
2.728624999999983,150.02403561381192,28.610000001620037,-80.59994076826646
2.738624999999983,150.58103851637514,28.61000000163767,-80.59994048219775
2.748624999999983,151.13661468765858,28.61000000165616,-80.59994019680329
2.758624999999983,151.69076681771793,28.61000000167551,-80.59993991212947
2.768624999999982,152.24349699102513,28.61000000169573,-80.5999396281384
2.778624999999982,152.79480703322415,28.610000001716816,-80.59993934475752
2.788624999999982,153.34469875449935,28.61000000173876,-80.59993906191427
2.798624999999982,153.8931739542009,28.61000000176153,-80.59993877953683
2.808624999999982,154.44023443004312,28.610000001785096,-80.59993849755527
2.818624999999981,154.98588200201456,28.61000000180942,-80.59993821590477
2.828624999999981,155.5301185009876,28.610000001834468,-80.5999379345239
2.838624999999981,156.0729457623227,28.61000000186019,-80.5999376533536
2.848624999999981,156.6143656301845,28.61000000188654,-80.59993737233773
2.85862499999998,157.15437999373688,28.610000001913484,-80.59993709142752
2.86862499999998,157.69299092281636,28.610000001940957,-80.59993681059922
2.87862499999998,158.23020056992692,28.61000000196891,-80.59993652984096
2.88862499999998,158.7660111007024,28.61000000199729,-80.5999362491436
2.89862499999998,159.30042469390872,28.61000000202605,-80.59993596850072
2.908624999999979,159.83344358697812,28.610000002055177,-80.59993568791445
2.918624999999979,160.3650702608642,28.610000002084636,-80.59993540741965
2.928624999999979,160.8953072922327,28.610000002114408,-80.59993512706487
2.938624999999979,161.42415725006825,28.610000002144485,-80.599934846899
2.948624999999979,161.9516226919083,28.61000000217484,-80.59993456697103
2.958624999999978,162.4777061771008,28.610000002205464,-80.59993428733159
2.968624999999978,163.00241033124195,28.610000002236365,-80.59993400804196
2.978624999999978,163.52573778970827,28.610000002267533,-80.59993372916654
2.988624999999978,164.04769115846227,28.610000002298992,-80.59993345076765
2.998624999999977,164.56827301097726,28.610000002330736,-80.59993317290512
3.008624999999977,165.08748584955308,28.61000000236276,-80.59993289563084
3.018624999999977,165.60533195630828,28.610000002395047,-80.59993261896805
3.028624999999977,166.1218135069671,28.610000002427586,-80.59993234292672
3.038624999999977,166.63693264962043,28.610000002460357,-80.59993206751442
3.048624999999976,167.15069150488932,28.610000002493354,-80.59993179273631
3.058624999999976,167.66309218928018,28.610000002526565,-80.59993151859828
3.068624999999976,168.17413690890191,28.610000002559957,-80.59993124512002
3.078624999999976,168.68382788755693,28.610000002593527,-80.59993097232491
3.088624999999976,169.19216731674481,28.610000002627253,-80.5999307002333
3.098624999999975,169.69915735552937,28.610000002661106,-80.59993042886231
3.108624999999975,170.20480009806838,28.610000002695074,-80.59993015822135
3.118624999999975,170.7090974413026,28.610000002729134,-80.599929888294
3.128624999999975,171.21205118639853,28.610000002763286,-80.59992961905208
3.138624999999975,171.71366311039978,28.610000002797527,-80.59992935046564
3.148624999999974,172.21393496801488,28.61000000283188,-80.59992908250331
3.158624999999974,172.71286846882836,28.610000002866347,-80.59992881512918
3.168624999999974,173.21046517821523,28.610000002900925,-80.59992854828994
3.178624999999974,173.70672659506823,28.610000002935625,-80.59992828192546
3.188624999999973,174.2016542080178,28.61000000297046,-80.59992801597627
3.198624999999973,174.695249498909,28.610000003005446,-80.5999277503841
3.208624999999973,175.18751397269432,28.6100000030406,-80.59992748509538
3.218624999999973,175.6784492707952,28.610000003075942,-80.59992722007547
3.228624999999973,176.16805709164947,28.610000003111484,-80.59992695529817
3.238624999999972,176.65633913460903,28.610000003147224,-80.59992669073867
3.248624999999972,177.14329710152376,28.61000000318317,-80.59992642637361
3.258624999999972,177.62893273309314,28.61000000321932,-80.59992616218553
3.268624999999972,178.11324795344055,28.610000003255667,-80.59992589818009
3.278624999999972,178.59624476177797,28.61000000329221,-80.59992563437292
3.288624999999971,179.0779251557347,28.610000003328945,-80.59992537078027
3.298624999999971,179.55829113010432,28.610000003365872,-80.59992510741883
3.308624999999971,180.03734462802817,28.61000000340296,-80.59992484429989
3.318624999999971,180.51508734485083,28.61000000344019,-80.59992458140603
3.32862499999997,180.9915208755288,28.610000003477552,-80.59992431870884
3.33862499999997,181.46664681915894,28.610000003515026,-80.59992405618152
3.34862499999997,181.94046678046593,28.61000000355258,-80.59992379379896
3.35862499999997,182.41298240053789,28.6100000035902,-80.59992353154125
3.36862499999997,182.884195478115,28.61000000362788,-80.59992326940765
3.378624999999969,183.3541078790672,28.610000003665625,-80.59992300740592
3.388624999999969,183.8227214722504,28.610000003703426,-80.59992274554494
3.398624999999969,184.29003812860327,28.610000003741252,-80.59992248383453
3.408624999999969,184.7560596931172,28.610000003779096,-80.5999222222823
3.418624999999969,185.22078787333206,28.610000003816932,-80.59992196088079
3.428624999999968,185.68422432325502,28.61000000385474,-80.59992169961718
3.438624999999968,186.14637070218308,28.61000000389248,-80.59992143848011
3.448624999999968,186.60722867513883,28.610000003930125,-80.59992117745959
3.458624999999968,187.06679990552823,28.61000000396764,-80.59992091654621
3.468624999999967,187.52508602430024,28.61000000400501,-80.59992065572766
3.478624999999967,187.98208865382006,28.610000004042224,-80.59992039499134
3.488624999999967,188.43780942465352,28.61000000407927,-80.59992013432637
3.498624999999967,188.89224997582403,28.61000000411616,-80.59991987372344
3.508624999999967,189.34541192195067,28.610000004152898,-80.59991961317118
3.518624999999966,189.79729671804387,28.610000004189487,-80.59991935264118
3.528624999999966,190.2479057624387,28.610000004225952,-80.59991909209934
3.538624999999966,190.69724046975048,28.610000004262307,-80.59991883151412
3.548624999999966,191.14530227245186,28.610000004298577,-80.59991857085653
3.558624999999966,191.5920927197012,28.610000004334776,-80.59991831011105
3.568624999999965,192.03761387382218,28.61000000437093,-80.59991804931926
3.578624999999965,192.4818679996488,28.610000004407073,-80.59991778854618
3.588624999999965,192.92485734820843,28.61000000444322,-80.59991752785669
3.598624999999965,193.36658414635227,28.610000004479378,-80.59991726731506
3.608624999999964,193.80705055107012,28.610000004515577,-80.59991700698012
3.618624999999964,194.24625849492296,28.610000004551818,-80.59991674688636
3.628624999999964,194.68420981173125,28.610000004588112,-80.59991648705801
3.638624999999964,195.12090632178246,28.610000004624474,-80.59991622751863
3.648624999999964,195.5563498310434,28.610000004660915,-80.59991596829121
3.658624999999963,195.99054212626262,28.610000004697433,-80.59991570939746
3.668624999999963,196.42348495784458,28.610000004734037,-80.59991545085579
3.678624999999963,196.85518005182294,28.61000000477073,-80.59991519268276
3.688624999999963,197.28562911800472,28.610000004807514,-80.59991493489386
3.698624999999963,197.71483384959174,28.610000004844398,-80.59991467750366
3.708624999999962,198.14279597147276,28.610000004881385,-80.59991442053142
3.718624999999962,198.56951743729658,28.610000004918486,-80.59991416402502
3.728624999999962,198.9950002746662,28.610000004955705,-80.59991390804268
3.738624999999962,199.41924647824513,28.610000004993047,-80.59991365264013
3.748624999999962,199.84225800867387,28.610000005030518,-80.59991339787028
3.758624999999961,200.26403683340016,28.610000005068134,-80.59991314378833
3.768624999999961,200.6845850948109,28.610000005105903,-80.59991289047294
3.778624999999961,201.1039049775367,28.61000000514383,-80.59991263800978
3.788624999999961,201.5219986175472,28.61000000518192,-80.59991238648011
3.79862499999996,201.93886810213885,28.610000005220176,-80.59991213596032
3.80862499999996,202.35451540208703,28.610000005258602,-80.59991188651277
3.81862499999996,202.7689420937254,28.61000000529721,-80.59991163814895
3.82862499999996,203.18214957212876,28.610000005335998,-80.59991139085722
3.83862499999996,203.59413919949793,28.61000000537498,-80.59991114462228
3.848624999999959,204.00491230606443,28.61000000541417,-80.59991089942547
3.858624999999959,204.4144701836162,28.61000000545358,-80.59991065524399
3.868624999999959,204.822814056081,28.610000005493237,-80.59991041204731
3.878624999999959,205.2299451026622,28.61000000553315,-80.59991016980042
3.888624999999959,205.63586447455035,28.610000005573344,-80.59990992846606
3.898624999999958,206.0405732959347,28.610000005613845,-80.59990968800498
3.908624999999958,206.44407268206803,28.610000005654666,-80.59990944837824
3.918624999999958,206.84636381051212,28.61000000569582,-80.59990920955575
3.928624999999958,207.24744787121423,28.610000005737323,-80.59990897151013
3.938624999999957,207.6473260311262,28.610000005779195,-80.59990873421255
3.948624999999957,208.04599943518937,28.610000005821437,-80.59990849763297
3.958624999999957,208.4434691573418,28.610000005864062,-80.59990826173473
3.968624999999957,208.83973599380025,28.61000000590706,-80.59990802645204
3.978624999999957,209.23480061425894,28.61000000595043,-80.59990779170786
3.988624999999956,209.6286636717533,28.61000000599416,-80.59990755742618
3.998624999999956,210.02132580589372,28.61000000603823,-80.59990732353248
4.008624999999956,210.41278768448086,28.610000006082647,-80.59990708995778
4.018624999999956,210.80305016520387,28.610000006127404,-80.59990685665457
4.028624999999956,211.19211418454518,28.610000006172495,-80.59990662358489
4.038624999999955,211.57998067759485,28.610000006217913,-80.59990639071204
4.048624999999955,211.96665057998374,28.61000000626365,-80.59990615800073
4.058624999999955,212.35212483418724,28.6100000063097,-80.59990592541757
4.068624999999955,212.73640440869238,28.610000006356042,-80.59990569293278
4.078624999999954,213.11949028771232,28.61000000640266,-80.59990546051904
4.088624999999954,213.50138346424265,28.610000006449564,-80.5999052281508
4.098624999999954,213.88208494172937,28.61000000649671,-80.59990499580425
4.108624999999954,214.2615956761473,28.610000006544087,-80.59990476345229
4.118624999999954,214.63991633057037,28.610000006591687,-80.59990453104291
4.128624999999953,215.01704745430808,28.61000000663948,-80.59990429851572
4.138624999999953,215.39298961393268,28.610000006687464,-80.5999040658132
4.148624999999953,215.76774339760308,28.610000006735607,-80.59990383288105
4.158624999999953,216.14130947981928,28.6100000067839,-80.59990359967317
4.168624999999953,216.51368887631878,28.610000006832315,-80.59990336617226
4.178624999999952,216.88488276291048,28.61000000688084,-80.59990313237445
4.188624999999952,217.25489234531653,28.610000006929457,-80.59990289827839
4.198624999999952,217.62371885867267,28.61000000697814,-80.59990266388516
4.208624999999952,217.99136361976596,28.610000007026873,-80.59990242920244
4.218624999999951,218.35782824234522,28.61000000707563,-80.59990219426177
4.228624999999951,218.7231144701876,28.610000007124395,-80.59990195910508
4.238624999999951,219.0872240592137,28.610000007173145,-80.59990172377533
4.248624999999951,219.4501587739779,28.61000000722186,-80.59990148831633
4.258624999999951,219.81192030973074,28.61000000727053,-80.59990125276647
4.26862499999995,220.1725099849224,28.610000007319115,-80.59990101713394
4.27862499999995,220.53192897189325,28.610000007367614,-80.59990078141544
4.28862499999995,220.8901784577722,28.610000007416,-80.59990054560909
4.29862499999995,221.2472596440679,28.61000000746427,-80.59990030971441
4.30862499999995,221.6031737363581,28.610000007512397,-80.59990007373148
4.318624999999949,221.9579219035159,28.61000000756038,-80.59989983765772
4.328624999999949,222.31150530757267,28.61000000760819,-80.59989960149025
4.338624999999949,222.66392512446959,28.610000007655835,-80.59989936522751
4.348624999999949,223.0151825436317,28.610000007703295,-80.5998991288693
4.358624999999949,223.36527872433797,28.61000000775056,-80.59989889241325
4.368624999999948,223.71421461842223,28.61000000779763,-80.59989865584093
4.378624999999948,224.0619911030332,28.610000007844498,-80.59989841912837
4.388624999999948,224.4086090743355,28.610000007891163,-80.59989818225336
4.398624999999948,224.75406944829422,28.61000000793763,-80.59989794519551
4.408624999999947,225.09837331453255,28.610000007983903,-80.59989770794813
4.418624999999947,225.44152255766366,28.610000008029985,-80.5998974705667
4.428624999999947,225.7835193697895,28.610000008075897,-80.59989723313161
4.438624999999947,226.12436591344112,28.610000008121652,-80.59989699572223
4.448624999999947,226.46406431746942,28.61000000816726,-80.59989675841666
4.458624999999946,226.8026165605241,28.610000008212733,-80.59989652128213
4.468624999999946,227.14002401113726,28.610000008258094,-80.59989628433685
4.478624999999946,227.47628778804796,28.610000008303352,-80.59989604757897
4.488624999999946,227.8114090065739,28.61000000834853,-80.59989581100676
4.498624999999946,228.14538877856364,28.61000000839363,-80.59989557461866
4.508624999999945,228.4782281850965,28.610000008438686,-80.59989533841089
4.518624999999945,228.80992816503337,28.61000000848369,-80.59989510236841
4.528624999999945,229.140489599535,28.610000008528665,-80.5998948664718
4.538624999999945,229.46991337143314,28.61000000857364,-80.5998946307022
4.548624999999944,229.79820036585076,28.610000008618606,-80.59989439504129
4.558624999999944,230.12535150970902,28.610000008663594,-80.59989415947454
4.568624999999944,230.45136793115972,28.610000008708617,-80.59989392400428
4.578624999999944,230.77625083864925,28.610000008753694,-80.59989368863971
4.588624999999944,231.1000014363175,28.610000008798842,-80.59989345339025
4.598624999999943,231.42262092344802,28.61000000884407,-80.59989321826524
4.608624999999943,231.74411058009375,28.61000000888941,-80.5998929832812
4.618624999999943,232.0644721139727,28.610000008934872,-80.59989274849103
4.628624999999943,232.38370738611778,28.61000000898047,-80.59989251396172
4.638624999999943,232.70181822646606,28.610000009026226,-80.59989227975913
4.648624999999942,233.01880643313683,28.610000009072166,-80.59989204594783
4.658624999999942,233.33467369816532,28.610000009118302,-80.59989181258445
4.668624999999942,233.64942130924774,28.610000009164647,-80.59989157969088
4.678624999999942,233.96305037917583,28.610000009211223,-80.59989134727407
4.688624999999941,234.2755620044832,28.610000009258044,-80.59989111534
4.698624999999941,234.58695726570355,28.61000000930513,-80.59989088389369
4.708624999999941,234.89723727928376,28.610000009352486,-80.59989065294384
4.718624999999941,235.20640340847228,28.61000000940014,-80.59989042252184
4.728624999999941,235.51445710200272,28.61000000944808,-80.59989019266752
4.73862499999994,235.82139978218908,28.610000009496343,-80.59988996341906
4.74862499999994,236.12723284492057,28.610000009544933,-80.59988973481293
4.75862499999994,236.43195759522146,28.610000009593858,-80.59988950687783
4.76862499999994,236.7355749833918,28.610000009643127,-80.59988927961011
4.77862499999994,237.0380858056663,28.610000009692754,-80.5998890529923
4.788624999999939,237.33949084427996,28.610000009742738,-80.59988882700603
4.798624999999939,237.63979086807674,28.610000009793087,-80.59988860163222
4.808624999999939,237.93898669790133,28.6100000098438,-80.59988837685694
4.818624999999939,238.2370794727731,28.610000009894893,-80.59988815269564
4.828624999999938,238.53407045041558,28.610000009946354,-80.599887929175
4.838624999999938,238.82996086765027,28.610000009998192,-80.59988770632012
4.848624999999938,239.12475194054076,28.610000010050413,-80.59988748415456
4.858624999999938,239.41844480794856,28.610000010103015,-80.5998872626952
4.868624999999938,239.71104029912485,28.610000010155982,-80.59988704193081
4.878624999999937,240.00253910770724,28.61000001020933,-80.59988682183831
4.888624999999937,240.29294191421434,28.610000010263043,-80.59988660239398
4.898624999999937,240.58224938662238,28.610000010317126,-80.59988638357358
4.908624999999937,240.87046215148254,28.61000001037158,-80.59988616534983
4.918624999999937,241.1575806729108,28.610000010426383,-80.59988594768194
4.928624999999936,241.443605342587,28.610000010481528,-80.59988573052387
4.938624999999936,241.7285365439437,28.61000001053703,-80.59988551382996
4.948624999999936,242.01237465320804,28.610000010592863,-80.5998852975551
4.958624999999936,242.29512010456492,28.61000001064903,-80.5998850816601
4.968624999999936,242.57677365577396,28.610000010705523,-80.59988486613328
4.978624999999935,242.85733619461485,28.610000010762334,-80.59988465097402
4.988624999999935,243.13680860153107,28.610000010819462,-80.59988443618154
4.998624999999935,243.41519174974655,28.6100000108769,-80.59988422175472
5.008624999999935,243.6924865020053,28.610000010934638,-80.59988400769203
5.018624999999934,243.9686936967999,28.610000010992664,-80.59988379399026
5.028624999999934,244.2438141587848,28.610000011050982,-80.59988358064551
5.038624999999934,244.517848706198,28.61000001110957,-80.5998833676537
5.048624999999934,244.79079815105194,28.610000011168434,-80.59988315501069
5.058624999999934,245.0626632850973,28.610000011227548,-80.59988294271105
5.068624999999933,245.33344482131216,28.610000011286917,-80.59988273074367
5.078624999999933,245.60314343735294,28.610000011346518,-80.5998825190952
5.088624999999933,245.87175980649317,28.610000011406356,-80.59988230775245
5.098624999999933,246.13929459804692,28.610000011466397,-80.59988209670236
5.108624999999933,246.40574847903045,28.61000001152665,-80.59988188593222
5.118624999999932,246.67112211971866,28.610000011587104,-80.59988167543
5.128624999999932,246.93541619022326,28.610000011647738,-80.59988146518408
5.138624999999932,247.19863135816144,28.610000011708554,-80.59988125518315
5.148624999999932,247.46076828900925,28.610000011769536,-80.59988104541613
5.158624999999931,247.72182764494275,28.610000011830675,-80.59988083587214
5.168624999999931,247.9818100789564,28.61000001189197,-80.59988062654004
5.178624999999931,248.24071623975837,28.610000011953407,-80.59988041740885
5.188624999999931,248.49854677533352,28.61000001201498,-80.59988020846788
5.198624999999931,248.75530233326427,28.610000012076668,-80.59987999970684
5.20862499999993,249.0109835931318,28.610000012138467,-80.59987979111801
5.21862499999993,249.26559139907957,28.61000001220038,-80.5998795827052
5.22862499999993,249.51912666223598,28.61000001226239,-80.59987937447698
5.23862499999993,249.77159029154572,28.610000012324473,-80.59987916644194
5.24862499999993,250.02298319351172,28.610000012386646,-80.59987895860868
5.258624999999929,250.2733062181153,28.610000012448886,-80.59987875098217
5.268624999999929,250.52255993670323,28.610000012511186,-80.59987854354904
5.278624999999929,250.77074480561134,28.610000012573543,-80.5998783362887
5.288624999999929,251.0178612820122,28.61000001263594,-80.59987812918119
5.298624999999928,251.2639098235897,28.610000012698382,-80.5998779222071
5.308624999999928,251.50889091590616,28.61000001276085,-80.59987771534927
5.318624999999928,251.7528051854391,28.610000012823345,-80.59987750859993
5.328624999999928,251.99565331834737,28.610000012885855,-80.59987730195542
5.338624999999928,252.2374360024445,28.61000001294839,-80.59987709541237
5.348624999999927,252.4781539272447,28.61000001301093,-80.59987688896776
5.358624999999927,252.71780775104327,28.610000013073467,-80.59987668261691
5.368624999999927,252.9563979646337,28.610000013136013,-80.5998764763451
5.378624999999927,253.19392499079862,28.610000013198555,-80.59987627013385
5.388624999999927,253.43038925547128,28.610000013261082,-80.59987606396535
5.398624999999926,253.66579118836844,28.6100000133236,-80.59987585782237
5.408624999999926,253.9001312414291,28.610000013386102,-80.59987565168943
5.418624999999926,254.1334099631311,28.610000013448587,-80.59987544555709
5.428624999999926,254.36562794514535,28.610000013511044,-80.59987523941865
5.438624999999925,254.59678578428853,28.61000001357348,-80.59987503326795
5.448624999999925,254.82688408260356,28.61000001363589,-80.59987482709941
5.458624999999925,255.05592344861182,28.610000013698265,-80.59987462090795
5.468624999999925,255.28390450222577,28.610000013760615,-80.59987441468942
5.478624999999925,255.51082787113933,28.610000013822937,-80.59987420844023
5.488624999999924,255.73669418825045,28.61000001388522,-80.59987400215732
5.498624999999924,255.96150409160546,28.61000001394747,-80.59987379583806
5.508624999999924,256.18525822182005,28.610000014009696,-80.59987358948018
5.518624999999924,256.4079572117731,28.610000014071883,-80.59987338308112
5.528624999999924,256.62960169407165,28.610000014134044,-80.59987317663844
5.538624999999923,256.8501923062846,28.61000001419617,-80.59987297015022
5.548624999999923,257.0697296908162,28.610000014258265,-80.5998727636149
5.558624999999923,257.288214473813,28.610000014320338,-80.59987255703018
5.568624999999923,257.50564717865717,28.610000014382383,-80.59987235038842
5.578624999999923,257.72202828972513,28.6100000144444,-80.59987214367999
5.588624999999922,257.93735829754905,28.610000014506404,-80.59987193689585
5.598624999999922,258.1516376989594,28.610000014568378,-80.59987173002749
5.608624999999922,258.3648670376141,28.610000014630334,-80.59987152306908
5.618624999999922,258.5770470700477,28.610000014692275,-80.59987131602631
5.628624999999921,258.78817864129724,28.610000014754203,-80.59987110890962
5.638624999999921,258.9982625972896,28.610000014816112,-80.59987090172964
5.648624999999921,259.2072997842668,28.610000014878015,-80.59987069449714
5.658624999999921,259.4152910524023,28.610000014939892,-80.59987048722319
5.668624999999921,259.62223727228195,28.61000001500177,-80.59987027992008
5.67862499999992,259.8281393213498,28.61000001506364,-80.59987007260062
5.68862499999992,260.032998074342,28.610000015125504,-80.5998698652776
5.69862499999992,260.23681440275635,28.610000015187367,-80.59986965796381
5.70862499999992,260.43958919427786,28.61000001524923,-80.59986945067301
5.71862499999992,260.641323433334,28.6100000153111,-80.59986924342434
5.728624999999919,260.84201813784273,28.61000001537297,-80.59986903623893
5.738624999999919,261.0416743154155,28.61000001543486,-80.59986882913756
5.748624999999919,261.2402929628294,28.61000001549676,-80.59986862214073
5.758624999999919,261.4378750315181,28.610000015558676,-80.59986841526666
5.768624999999918,261.63442128861857,28.610000015620614,-80.59986820852374
5.778624999999918,261.8299324236678,28.610000015682573,-80.59986800191638
5.788624999999918,262.0244091223373,28.610000015744554,-80.59986779544887
5.798624999999918,262.2178520663275,28.61000001580657,-80.59986758912555
5.808624999999918,262.4102619454985,28.610000015868618,-80.59986738295132
5.818624999999917,262.60163950790906,28.610000015930694,-80.5998671769344
5.828624999999917,262.7919855220864,28.610000015992814,-80.59986697108437
5.838624999999917,262.98130075054456,28.61000001605497,-80.5998667654106
5.848624999999917,263.1695859496423,28.61000001611717,-80.59986655992236
5.858624999999917,263.3568418520047,28.61000001617941,-80.59986635462776
5.868624999999916,263.5430690947931,28.6100000162417,-80.59986614952992
5.878624999999916,263.7282682733199,28.610000016304046,-80.5998659446298
5.888624999999916,263.9124399786575,28.61000001636644,-80.59986573992836
5.898624999999916,264.09558479765457,28.6100000164289,-80.5998655354265
5.908624999999915,264.2777033311417,28.610000016491412,-80.59986533112604
5.918624999999915,264.45879626858954,28.61000001655399,-80.59986512703375
5.928624999999915,264.6388643321848,28.61000001661663,-80.59986492315844
5.938624999999915,264.8179082375865,28.610000016679344,-80.59986471950864
5.948624999999915,264.9959286938701,28.610000016742124,-80.59986451609277
5.958624999999914,265.17292639682427,28.610000016804985,-80.59986431291863
5.968624999999914,265.3489020015747,28.61000001686792,-80.59986410999204
5.978624999999914,265.5238561430266,28.61000001693093,-80.59986390731784
5.988624999999914,265.6977894502145,28.61000001699402,-80.59986370490078
5.998624999999914,265.87070254632164,28.610000017057192,-80.59986350274538
6.008624999999913,266.04259607150425,28.61000001712045,-80.59986330085727
6.018624999999913,266.2134707765521,28.61000001718379,-80.59986309924828
6.028624999999913,266.3833274529419,28.610000017247224,-80.59986289793262
6.038624999999913,266.55216688373196,28.610000017310746,-80.59986269692418
6.048624999999912,266.71998984355656,28.61000001737436,-80.59986249623657
6.058624999999912,266.8867970673548,28.61000001743807,-80.59986229588144
6.068624999999912,267.05258912186514,28.610000017501875,-80.59986209586133
6.078624999999912,267.2173665015012,28.610000017565778,-80.59986189617503
6.088624999999912,267.3811296957649,28.610000017629783,-80.59986169682124
6.098624999999911,267.54387918935373,28.610000017693896,-80.59986149779851
6.108624999999911,267.7056154909539,28.6100000177581,-80.59986129910692
6.118624999999911,267.8663392512526,28.610000017822422,-80.59986110075432
6.128624999999911,268.0260511752615,28.61000001788685,-80.59986090275166
6.138624999999911,268.18475196067476,28.610000017951386,-80.59986070510963
6.14862499999991,268.3424422979262,28.610000018016038,-80.59986050783867
6.15862499999991,268.4991228855487,28.6100000180808,-80.59986031094975
6.16862499999991,268.6547944931935,28.610000018145673,-80.59986011445783
6.17862499999991,268.80945791510896,28.610000018210666,-80.59985991837932
6.188624999999909,268.96311393738836,28.610000018275777,-80.59985972273033
6.198624999999909,269.1157633380811,28.61000001834101,-80.59985952752662
6.208624999999909,269.26740688241233,28.610000018406357,-80.59985933278334
6.218624999999909,269.41804530270167,28.61000001847183,-80.599859138514
6.228624999999909,269.5676793133901,28.61000001853742,-80.59985894473118
6.238624999999908,269.7163096217087,28.61000001860313,-80.59985875144716
6.248624999999908,269.86393692782565,28.610000018668966,-80.59985855867389
6.258624999999908,270.01056190477226,28.61000001873492,-80.59985836642194
6.268624999999908,270.1561851151871,28.610000018801003,-80.599858174696
6.278624999999908,270.30080707282514,28.610000018867204,-80.59985798349817
6.288624999999907,270.44442828610244,28.610000018933533,-80.5998577928304
6.298624999999907,270.58704925824003,28.61000001899998,-80.59985760269447
6.308624999999907,270.72867042823856,28.61000001906655,-80.5998574130888
6.318624999999907,270.8692919276279,28.61000001913325,-80.59985722399578
6.328624999999907,271.00891376128976,28.61000001920006,-80.59985703539155
6.338624999999906,271.14753593482277,28.610000019267005,-80.59985684725265
6.348624999999906,271.28515845471463,28.610000019334063,-80.59985665955618
6.358624999999906,271.42178135492014,28.61000001940124,-80.59985647228102
6.368624999999906,271.5574048055338,28.610000019468544,-80.59985628541331
6.378624999999905,271.69202903211436,28.610000019535963,-80.59985609894227
6.388624999999905,271.82565425902095,28.610000019603508,-80.59985591285725
6.398624999999905,271.95828070954406,28.61000001967116,-80.59985572714785
6.408624999999905,272.089908655617,28.61000001973894,-80.59985554180628
6.418624999999905,272.22053862102274,28.610000019806833,-80.59985535683717
6.428624999999904,272.35017122176015,28.610000019874846,-80.59985517225024
6.438624999999904,272.4788070637787,28.61000001994297,-80.59985498805511
6.448624999999904,272.60644674974964,28.610000020011213,-80.59985480426127
6.458624999999904,272.73309084429695,28.610000020079575,-80.59985462087639
6.468624999999904,272.85873973032176,28.610000020148053,-80.59985443789954
6.478624999999903,272.9833937145702,28.610000020216642,-80.59985425532635
6.488624999999903,273.1070531024283,28.61000002028535,-80.59985407315249
6.498624999999903,273.2297181980074,28.610000020354168,-80.59985389137368
6.5,273.24650690877945,28.610000020363632,-80.59985386640976
6.501,273.2587050771472,28.610000020370528,-80.59985384825882
6.502000000000001,273.27087561122994,28.61000002037741,-80.59985383016945
6.505750642043683,273.31612090473953,28.610000020403046,-80.59985376338005
6.509555746471684,273.36138220153384,28.610000020428792,-80.59985369730681
6.51349829772446,273.40761190133793,28.610000020455185,-80.5998536306001
6.517584296940475,273.4548231761344,28.610000020482254,-80.59985356330893
6.521822672949802,273.5030581915866,28.61000002051003,-80.5998534954468
6.526223074348044,273.5523609418082,28.610000020538543,-80.59985342703243
6.530796028366265,273.60277825339614,28.610000020567842,-80.59985335808923
6.535553044161373,273.6543599963757,28.610000020597962,-80.5998532886463
6.54050673412798,273.7071593426038,28.610000020628952,-80.59985321873926
6.545670954044654,273.7612330493197,28.61000002066087,-80.59985314841157
6.551060965725338,273.8166417713366,28.610000020693764,-80.59985307771592
6.556672166006475,273.8732360888535,28.610000020727565,-80.59985300697969
6.562448455835557,273.9303664508791,28.610000020761905,-80.59985293712289
6.568500484502526,273.9890284769016,28.610000020797408,-80.59985286705317
6.574846824463966,274.04926516961626,28.61000002083412,-80.59985279689857
6.581512144964324,274.1111604144634,28.610000020872146,-80.59985272676016
6.588523944956582,274.1748029893168,28.610000020911563,-80.59985265676033
6.595913175047653,274.24028851152343,28.610000020952477,-80.59985258704484
6.603714811734954,274.3077199954736,28.610000020995006,-80.59985251778782
6.611969535364169,274.37721658634604,28.610000021039294,-80.5998524491899
6.620722913161083,274.44889954336094,28.610000021085472,-80.59985238150102
6.630025862092847,274.522889004502,28.61000002113371,-80.59985231503192
6.639938434691965,274.5993249173036,28.610000021184206,-80.59985225014661
6.650530309796179,274.67835761452363,28.61000002123716,-80.59985218728745
6.661880029730442,274.7601278918559,28.610000021292816,-80.59985212700896
6.674022893923199,274.8443981156953,28.610000021351183,-80.59985207022623
6.68713135341338,274.9317870633637,28.610000021412887,-80.5998520174013
6.701337195804033,275.0224636497141,28.6100000214783,-80.59985196953637
6.716833271333388,275.1167999719061,28.61000002154804,-80.59985192780285
6.734113592941141,275.2166145833573,28.610000021623936,-80.59985189340037
6.753152380014091,275.32031258941,28.610000021705417,-80.5998518694308
6.774164861594083,275.427490757583,28.610000021792906,-80.5998518588197
6.796828302858946,275.53496680914424,28.61000002188463,-80.59985186453636
6.822464177215006,275.6469095146261,28.610000021985343,-80.59985189046591
6.852530529585249,275.76586474487493,28.610000022099715,-80.59985194470087
6.887084713593863,275.8870350769917,28.61000002222662,-80.59985203555013
6.921904073488146,275.99330474128317,28.610000022350146,-80.59985215317164
6.971154324858718,276.118164962809,28.610000022518403,-80.59985235572152
7.034955123183107,276.2380255482616,28.61000002272658,-80.5998526714589
7.113923277238714,276.32489196465144,28.610000022971665,-80.59985312647912
7.245584937157164,276.32746430792236,28.61000002335613,-80.59985399362435
7.491682192072601,275.8794387949737,28.610000024007746,-80.59985586102452
7.615193615405942,275.4510646906545,28.61000002429661,-80.59985692951425
7.699894743673861,275.0954011166172,28.61000002447354,-80.59985773811582
7.784316605939588,274.7005116674804,28.610000024631283,-80.59985861417117
7.877975096407917,274.2232270075461,28.610000024784362,-80.59985966344412
7.980094289915619,273.66477633141545,28.610000024925608,-80.59986088756821
8.092902705892449,273.0126152731968,28.610000025052116,-80.59986234913646
8.24744243351513,272.07630689673186,28.610000025179325,-80.59986454481324
8.428864714938703,270.9349176135447,28.61000002526875,-80.59986731386239
8.760494544404507,268.788898889168,28.61000002529996,-80.59987271960183
9.260494544404507,265.5091168726514,28.610000025128926,-80.59988141276962
9.760494544404507,262.23067324988216,28.610000024825258,-80.59989106946226
10.260494544404507,258.9525639886576,28.610000024458262,-80.59990177556372
10.760494544404507,255.6729181007823,28.610000024042225,-80.5999127439315
11.260494544404507,252.39530202108108,28.610000023604986,-80.59992322039547
11.760494544404507,249.1175451249087,28.610000023176678,-80.5999333556769
12.260494544404507,245.83991067274988,28.610000022760705,-80.59994371989198
12.760494544404507,242.56605654224862,28.610000022340447,-80.59995330409235
13.260494544404507,239.29121272155692,28.61000002194215,-80.59996216635773
13.760494544404507,236.01458566252737,28.610000021571004,-80.59997118287977
14.260494544404507,232.73964751996158,28.61000002120185,-80.5999803548122
14.760494544404507,229.46516437066018,28.610000020828004,-80.59999004917422
15.260494544404507,226.19241566832372,28.61000002043661,-80.60000066274434
15.760494544404507,222.91985820673983,28.610000020011896,-80.60001141631282
16.26049454440451,219.64688023046662,28.6100000195739,-80.60002155766246
16.76049454440451,216.37421563977037,28.610000019150853,-80.6000314528237
17.26049454440451,213.10207346772938,28.610000018738663,-80.60004129464454
17.76049454440451,209.83115761982296,28.61000001833029,-80.60005156743472
18.26049454440451,206.56126796063063,28.6100000179088,-80.60006272088508
18.76049454440451,203.2912114961808,28.610000017456215,-80.60007409288693
19.26049454440451,200.02227745546458,28.61000001698906,-80.60008470095642
19.76049454440451,196.7533693791419,28.610000016541242,-80.6000948278413
20.26049454440451,193.48424457546096,28.610000016112256,-80.60010511206856
20.76049454440451,190.21671933202893,28.61000001568311,-80.60011508815445
21.26049454440451,186.94923498746454,28.610000015262973,-80.60012478952935
21.76049454440451,183.68197322094488,28.61000001485264,-80.60013482605464
22.26049454440451,180.41585944300175,28.610000014434355,-80.60014467440857
22.76049454440451,177.14983983796557,28.61000001401964,-80.60015416777263
23.26049454440451,173.8840682472619,28.61000001361601,-80.600163778095
23.76049454440451,170.61899114893194,28.610000013211142,-80.60017341648482
24.26049454440451,167.3544386859353,28.61000001280496,-80.60018281755217
24.76049454440451,164.09054536772973,28.610000012405735,-80.6001918595855
25.26049454440451,160.8272281278543,28.610000012018677,-80.60020094499646
25.76049454440451,157.56470798320277,28.610000011632103,-80.60021059503121
26.26049454440451,154.3025735256548,28.610000011227147,-80.60022079976547
26.76049454440451,151.04155749227897,28.61000001079914,-80.60023171901476
27.26049454440451,147.78191726287483,28.610000010343395,-80.60024254168508
27.76049454440451,144.52175855213366,28.61000000988451,-80.60025249447446
28.26049454440451,141.2616363056715,28.610000009450605,-80.60026244896628
28.76049454440451,138.00298148866403,28.61000000902298,-80.60027218009769
29.26049454440451,134.74406636232874,28.6100000086041,-80.60028140788087
29.76049454440451,131.48567859074183,28.610000008201336,-80.60029103477528
30.26049454440451,128.2278695819869,28.610000007788987,-80.60030116454338
30.76049454440451,124.97096690148963,28.61000000735722,-80.60031191118267
31.26049454440451,121.71486070413665,28.610000006901114,-80.60032280571235
31.76049454440451,118.4605309813917,28.610000006436877,-80.60033255384583
32.13884495120318,115.99996820902459,28.610000006105498,-80.60033985375024
32.63884495120318,112.74533155702707,28.61000000567409,-80.60035032706121
33.13884495120318,109.48963579998787,28.61000000522481,-80.60036090179786
33.63884495120318,106.23526391746528,28.61000000476733,-80.60037157965593
34.13884495120318,102.98139357054595,28.61000000430461,-80.60038208534854
34.63884495120318,99.72798333487025,28.61000000384619,-80.60039223962289
35.13884495120318,96.47556894212195,28.610000003397673,-80.60040281670581
35.63884495120318,93.22445587551448,28.61000000293862,-80.60041334072183
36.13884495120318,89.97339491177684,28.610000002478145,-80.60042378878387
36.63884495120318,86.72209198150422,28.610000002017763,-80.60043461017516
37.13884495120318,83.47430168303383,28.610000001549324,-80.60044443717058
37.63884495120318,80.22571119692476,28.610000001110187,-80.60045356094744
38.13884495120318,76.9753366926565,28.61000000069888,-80.60046260131465
38.63884495120318,73.72806366362582,28.610000000295788,-80.6004719757687
39.13884495120318,70.48019010492254,28.60999999988317,-80.60048161669687
39.63884495120318,67.23220865105948,28.609999999462318,-80.60049054583489
40.13884495120318,63.984624648939224,28.609999999060822,-80.60049931700318
40.63884495120318,60.738180347982066,28.609999998665973,-80.60050876561495
41.08122984268432,57.86873289260151,28.609999998302875,-80.60051683086047
41.5549554017999,54.79459589245519,28.609999997920337,-80.60052489996231
42.0549554017999,51.5483866506892,28.609999997531922,-80.60053385713543
42.5549554017999,48.303717086990474,28.60999999713293,-80.6005433440049
43.0549554017999,45.05955965583438,28.609999996715487,-80.60055273967912
43.5549554017999,41.81634226093961,28.609999996299464,-80.6005612535346
44.0549554017999,38.574606356499054,28.609999995908748,-80.60056999335724
44.5549554017999,35.33269484409499,28.609999995515853,-80.60057901978193
45.0549554017999,32.0897958049872,28.609999995115093,-80.60058764556815
45.5549554017999,28.84813215850094,28.6099999947223,-80.60059666351631
46.0549554017999,25.607062727131712,28.60999999431621,-80.60060640628649
46.5549554017999,22.36637837248994,28.60999999388178,-80.6006168413243
47.0549554017999,19.1267828943633,28.609999993420082,-80.6006271380393
47.5549554017999,15.88691748819515,28.609999992957274,-80.60063697820026
48.0549554017999,12.647031014774383,28.609999992507262,-80.60064679496195
48.5549554017999,9.407939477610098,28.609999992060654,-80.6006566106499
49.0549554017999,6.1692629751994,28.609999991613506,-80.60066660922818
49.5549554017999,2.931149557791555,28.60999999116002,-80.60067667015971
50.007640882396174,0,28.60999999074716,-80.60068552649192
